id,platform,http_code,size_download,content_type,effective_url
fanqie-rank-718,fanqie,200,14490,text/html; charset=utf-8,https://fanqienovel.com/rank/1_1_718
qimao-male-hot-month,qimao,200,23815,text/html; charset=utf-8,https://www.qimao.com/paihang/boy/hot/month/
qimao-female-hot-month,qimao,200,37657,text/html; charset=utf-8,https://www.qimao.com/paihang/girl/hot/month/
qimao-modern-ceo-50p,qimao,200,27921,text/html; charset=utf-8,https://www.qimao.com/shuku/1-1-8-3-a-a-a-click-1/
qimao-modern-ceo-30-50,qimao,200,29230,text/html; charset=utf-8,https://www.qimao.com/shuku/1-1-8-2-a-a-a-click-1/
qidian-monthly-ticket,qidian,202,209,text/html; charset=utf-8,https://www.qidian.com/rank/yuepiao/
qidian-hotsales,qidian,202,209,text/html; charset=utf-8,https://www.qidian.com/rank/hotsales/
qidian-newsign,qidian,202,209,text/html; charset=utf-8,https://www.qidian.com/rank/newsign/
zhihu-salt-rank,zhihu_yanxuan,200,10930,text/html; charset=utf-8,https://www.zhihu.com/xen/market/ranking-list/salt
zhihu-salt-rank-public-fallback,zhihu_yanxuan,200,21946,text/html; charset=utf-8,https://www.zhihu.com/xen/market/salt-ranking-list
zhihu-salt-rank-legacy-fallback,zhihu_yanxuan,200,9498,text/html; charset=utf-8,https://www.zhihu.com/xen/market/new-salt-ranking-list?zh_hide_nav_bar=true
heiyan-all-popularity,heiyan,200,21185,text/html;charset=utf-8,https://www.heiyan.com/all/-1_-1_1_-1_3_1.html
xiaoxiang-rank,xiaoxiang,200,61660,text/html; charset=utf-8,https://www.xxsy.net/rank
xiaoxiang-new-rank,xiaoxiang,200,60251,text/html; charset=utf-8,https://www.xxsy.net/rank/new
17k-top,17k,200,22704,text/html,https://www.17k.com/top/
